Date,Tesla,BYD
2019-01-02,20.674667358398438,11.989724159240723
2019-01-03,20.02400016784668,11.415541648864746
2019-01-04,21.179332733154297,11.85347843170166
2019-01-07,22.33066749572754,11.872941017150879
2019-01-08,22.356666564941406,12.50551700592041
2019-01-09,22.568666458129883,12.06757926940918
2019-01-10,22.99799919128418,11.834013938903809
2019-01-11,23.150667190551758,11.785353660583496
2019-01-14,22.293333053588867,11.143049240112305
2019-01-15,22.961999893188477,11.337686538696289
2019-01-16,23.06999969482422,11.444738388061523
2019-01-17,23.15399932861328,10.851089477539062
2019-01-18,20.150667190551758,10.987337112426758
2019-01-22,19.92799949645996,10.89001750946045
2019-01-23,19.172666549682617,11.152779579162598
2019-01-24,19.43400001525879,11.435005187988281
2019-01-25,19.80266761779785,11.629644393920898
2019-01-28,19.7586669921875,11.52259349822998
2019-01-29,19.83066749572754,11.405811309814453
2019-01-30,20.584667205810547,11.327956199645996
2019-01-31,20.468000411987305,11.49339771270752
2019-02-01,20.81399917602539,11.590716361999512
2019-02-04,20.859333038330078,11.746427536010742
2019-02-05,21.42333221435547,11.950797080993652
2019-02-06,21.148000717163086,11.834013938903809
2019-02-07,20.500667572021484,11.688035011291504
2019-02-08,20.386667251586914,11.551789283752441
2019-02-11,20.856000900268555,11.756157875061035
2019-02-12,20.78733253479004,12.135704040527344
2019-02-13,20.544666290283203,12.54444408416748
2019-02-14,20.251333236694336,12.816938400268555
2019-02-15,20.525333404541016,12.50551700592041
2019-02-19,20.375999450683594,12.242754936218262
2019-02-20,20.17066764831543,12.427660942077637
2019-02-21,19.415332794189453,12.34007453918457
2019-02-22,19.6473331451416,12.369270324707031
2019-02-25,19.917999267578125,13.235410690307617
2019-02-26,19.857332229614258,12.797473907470703
2019-02-27,20.982667922973633,12.369270324707031
2019-02-28,21.325332641601562,12.417929649353027
2019-03-01,19.652666091918945,12.427660942077637
2019-03-04,19.02400016784668,12.02865219116211
2019-03-05,18.43600082397461,12.271950721740723
2019-03-06,18.416000366210938,12.194095611572266
2019-03-07,18.439332962036133,12.164899826049805
2019-03-08,18.94266700744629,11.688035011291504
2019-03-11,19.39466667175293,11.697768211364746
2019-03-12,18.890666961669922,11.77562427520752
2019-03-13,19.263999938964844,11.629644393920898
2019-03-14,19.33066749572754,11.717231750488281
2019-03-15,18.36199951171875,12.106507301330566
2019-03-18,17.965999603271484,12.359536170959473
2019-03-19,17.83133316040039,12.320611000061035
2019-03-20,18.239999771118164,12.437393188476562
2019-03-21,18.26799964904785,12.476319313049316
2019-03-22,17.635332107543945,12.447125434875488
2019-03-25,17.3613338470459,12.349806785583496
2019-03-26,17.851333618164062,12.37900161743164
2019-03-27,18.32200050354004,11.756157875061035
2019-03-28,18.57466697692871,11.736695289611816
2019-03-29,18.657333374023438,11.736695289611816
2019-04-01,19.278667449951172,11.960530281066895
2019-04-02,19.058666229248047,12.194095611572266
2019-04-03,19.45400047302246,12.388733863830566
2019-04-04,17.851999282836914,12.534712791442871
2019-04-05,18.33066749572754,12.563907623291016
2019-04-08,18.213333129882812,12.670960426330566
2019-04-09,18.15399932861328,12.758546829223633
2019-04-10,18.40399932861328,13.00184440612793
2019-04-11,17.89466667175293,12.82667064666748
2019-04-12,17.84666633605957,12.914257049560547
2019-04-15,17.7586669921875,12.943453788757324
2019-04-16,18.224000930786133,12.923988342285156
2019-04-17,18.082000732421875,14.354582786560059
2019-04-18,18.21733283996582,14.062623023986816
2019-04-22,17.516666412353516,14.004233360290527
2019-04-23,17.593332290649414,13.81932544708252
2019-04-24,17.243999481201172,13.420317649841309
2019-04-25,16.5086669921875,13.040772438049316
2019-04-26,15.675999641418457,13.186751365661621
2019-04-29,16.097999572753906,13.118627548217773
2019-04-30,15.912667274475098,13.177019119262695
2019-05-01,15.600666999816895,13.16728687286377
2019-05-02,16.273332595825195,13.177019119262695
2019-05-03,17.00200080871582,13.33272933959961
2019-05-06,17.022666931152344,12.797473907470703
2019-05-07,16.470666885375977,12.398465156555176
2019-05-08,16.32266616821289,12.31087875366211
2019-05-09,16.131999969482422,12.125972747802734
2019-05-10,15.968000411987305,12.252487182617188
2019-05-13,15.133999824523926,11.765892028808594
2019-05-14,15.487333297729492,12.038385391235352
2019-05-15,15.463333129882812,12.116240501403809
2019-05-16,15.222000122070312,12.106507301330566
2019-05-17,14.0686674118042,11.726963996887207
2019-05-20,13.690667152404785,11.415541648864746
2019-05-21,13.67199993133545,11.580984115600586
2019-05-22,12.84866714477539,11.464200973510742
2019-05-23,13.03266716003418,11.094388961791992
2019-05-24,12.708666801452637,11.230634689331055
2019-05-28,12.579999923706055,11.678303718566895
2019-05-29,12.657333374023438,11.717231750488281
2019-05-30,12.54800033569336,11.571252822875977
2019-05-31,12.343999862670898,11.28902816772461
2019-06-03,11.9313325881958,11.435005187988281
2019-06-04,12.90666675567627,11.337686538696289
2019-06-05,13.105999946594238,11.1917085647583
2019-06-06,13.729999542236328,11.707499504089355
2019-06-07,13.633333206176758,11.863210678100586
2019-06-10,14.192000389099121,11.705764770507812
2019-06-11,14.473333358764648,11.872011184692383
2019-06-12,13.950667381286621,11.607972145080566
2019-06-13,14.260666847229004,11.51995849609375
2019-06-14,14.32800006866455,11.265698432922363
2019-06-17,15.001999855041504,11.373269081115723
2019-06-18,14.982666969299316,11.568854331970215
2019-06-19,15.095333099365234,11.617751121520996
2019-06-20,14.641332626342773,11.852453231811523
2019-06-21,14.790666580200195,11.783998489379883
2019-06-24,14.909333229064941,11.774218559265137
2019-06-25,14.650667190551758,11.627531051635742
2019-06-26,14.618000030517578,11.578634262084961
2019-06-27,14.855999946594238,11.607972145080566
2019-06-28,14.897333145141602,11.783998489379883
2019-07-01,15.14466667175293,11.911128044128418
2019-07-02,14.970000267028809,12.165388107299805
2019-07-03,15.65999984741211,12.233843803405762
2019-07-05,15.539999961853027,11.911128044128418
2019-07-08,15.355999946594238,11.647089958190918
2019-07-09,15.337332725524902,11.852453231811523
2019-07-10,15.928000450134277,11.95024585723877
2019-07-11,15.90666675567627,11.823116302490234
2019-07-12,16.338666915893555,11.832895278930664
2019-07-15,16.899999618530273,11.969802856445312
2019-07-16,16.825332641601562,11.911128044128418
2019-07-17,16.99066734313965,12.096933364868164
2019-07-18,16.902666091918945,11.920906066894531
2019-07-19,17.211999893188477,11.95024585723877
2019-07-22,17.045333862304688,12.02847957611084
2019-07-23,17.344667434692383,12.331635475158691
2019-07-24,17.658666610717773,12.419649124145508
2019-07-25,15.254667282104492,12.243623733520508
2019-07-26,15.202667236328125,12.625014305114746
2019-07-29,15.718000411987305,12.419649124145508
2019-07-30,16.150667190551758,12.341415405273438
2019-07-31,16.107332229614258,12.253401756286621
2019-08-01,15.59000015258789,11.862232208251953
2019-08-02,15.62266731262207,11.705764770507812
2019-08-05,15.221332550048828,11.226580619812012
2019-08-06,15.383333206176758,11.207021713256836
2019-08-07,15.561332702636719,10.786515235900879
2019-08-08,15.886667251586914,11.001657485961914
2019-08-09,15.667332649230957,10.86474895477295
2019-08-12,15.267333030700684,10.678942680358887
2019-08-13,15.666666984558105,10.737617492675781
2019-08-14,14.641332626342773,10.414902687072754
2019-08-15,14.37600040435791,10.385564804077148
2019-08-16,14.662667274475098,10.454019546508789
2019-08-19,15.121999740600586,10.708279609680176
2019-08-20,15.057332992553711,10.747397422790527
2019-08-21,14.722000122070312,10.571371078491211
2019-08-22,14.8100004196167,10.08240795135498
2019-08-23,14.09333324432373,9.613004684448242
2019-08-26,14.333333015441895,9.759693145751953
2019-08-27,14.272000312805176,9.515212059020996
2019-08-28,14.37266731262207,9.476094245910645
2019-08-29,14.780667304992676,9.789031028747559
2019-08-30,15.040666580200195,10.141083717346191
2019-09-03,15.000666618347168,9.847705841064453
2019-09-04,14.711999893188477,9.779251098632812
2019-09-05,15.305333137512207,10.121525764465332
2019-09-06,15.16333293914795,10.229097366333008
2019-09-09,15.452667236328125,10.463798522949219
2019-09-10,15.702667236328125,10.35622787475586
2019-09-11,16.47333335876465,10.542033195495605
2019-09-12,16.391332626342773,10.268214225769043
2019-09-13,16.34666633605957,10.620266914367676
2019-09-16,16.187332153320312,10.512694358825684
2019-09-17,16.319332122802734,10.4246826171875
2019-09-18,16.232667922973633,10.473577499389648
2019-09-19,16.440000534057617,10.385564804077148
2019-09-20,16.041332244873047,10.209538459777832
2019-09-23,16.082000732421875,10.09218692779541
2019-09-24,14.880666732788086,10.013954162597656
2019-09-25,15.24666690826416,9.730355262756348
2019-09-26,16.17066764831543,9.730355262756348
2019-09-27,16.142000198364258,9.642341613769531
2019-09-30,16.058000564575195,9.701016426086426
2019-10-01,16.312667846679688,9.701016426086426
2019-10-02,16.208667755126953,9.573887825012207
2019-10-03,15.535332679748535,9.52499008178711
2019-10-04,15.428667068481445,9.593446731567383
2019-10-07,15.847999572753906,9.485873222351074
2019-10-08,16.003332138061523,9.515212059020996
2019-10-09,16.302000045776367,9.436976432800293
2019-10-10,16.31599998474121,9.485873222351074
2019-10-11,16.525999069213867,9.68145751953125
2019-10-14,17.130666732788086,9.632564544677734
2019-10-15,17.19266700744629,9.505433082580566
2019-10-16,17.316667556762695,9.534770965576172
2019-10-17,17.46466636657715,9.573887825012207
2019-10-18,17.1299991607666,9.534770965576172
2019-10-21,16.899999618530273,9.495652198791504
2019-10-22,17.038667678833008,9.446757316589355
2019-10-23,16.978666305541992,9.554329872131348
2019-10-24,19.978666305541992,9.544548988342285
2019-10-25,21.875333786010742,9.573887825012207
2019-10-28,21.847333908081055,9.83792781829834
2019-10-29,21.08133316040039,9.622783660888672
2019-10-30,21.000667572021484,9.319625854492188
2019-10-31,20.994667053222656,9.172938346862793
2019-11-01,20.887332916259766,9.417418479919434
2019-11-04,21.1646671295166,9.505433082580566
2019-11-05,21.148000717163086,9.52499008178711
2019-11-06,21.77199935913086,9.388082504272461
2019-11-07,22.369333267211914,9.720575332641602
2019-11-08,22.47599983215332,9.701016426086426
2019-11-11,23.006000518798828,9.603224754333496
2019-11-12,23.32866668701172,9.515212059020996
2019-11-13,23.073999404907227,9.446757316589355
2019-11-14,23.290000915527344,9.456535339355469
2019-11-15,23.47800064086914,9.485873222351074
2019-11-18,23.332666397094727,9.456535339355469
2019-11-19,23.968000411987305,9.436976432800293
2019-11-20,23.481332778930664,9.388082504272461
2019-11-21,23.655332565307617,9.358742713928223
2019-11-22,22.202667236328125,9.388082504272461
2019-11-25,22.422666549682617,9.573887825012207
2019-11-26,21.92799949645996,9.613004684448242
2019-11-27,22.086000442504883,9.485873222351074
2019-11-29,21.996000289916992,9.241392135620117
2019-12-02,22.32466697692871,9.153379440307617
2019-12-03,22.413333892822266,9.163158416748047
2019-12-04,22.20199966430664,9.309847831726074
2019-12-05,22.024667739868164,9.241392135620117
2019-12-06,22.392667770385742,9.153379440307617
2019-12-09,22.635332107543945,9.172938346862793
2019-12-10,23.256000518798828,9.143601417541504
2019-12-11,23.51333236694336,9.309847831726074
2019-12-12,23.978666305541992,9.300067901611328
2019-12-13,23.892667770385742,9.388082504272461
2019-12-16,25.433332443237305,9.554329872131348
2019-12-17,25.266000747680664,9.710797309875488
2019-12-18,26.209999084472656,9.417418479919434
2019-12-19,26.93600082397461,9.348965644836426
2019-12-20,27.03933334350586,9.339184761047363
2019-12-23,27.947999954223633,9.231613159179688
2019-12-24,28.350000381469727,9.300067901611328
2019-12-26,28.729333877563477,9.348965644836426
2019-12-27,28.691999435424805,9.358742713928223
2019-12-30,27.64666748046875,9.613004684448242
2019-12-31,27.8886661529541,9.691238403320312
2020-01-02,28.68400001525879,9.867264747619629
2020-01-03,29.534000396728516,9.769472122192383
2020-01-06,30.1026668548584,9.68145751953125
2020-01-07,31.270666122436523,9.603224754333496
2020-01-08,32.80933380126953,9.652121543884277
2020-01-09,32.089332580566406,9.66189956665039
2020-01-10,31.876667022705078,9.671679496765137
2020-01-13,34.990665435791016,11.148346900939941
2020-01-14,35.861331939697266,11.226580619812012
2020-01-15,34.56666564941406,11.412385940551758
2020-01-16,34.232666015625,11.363490104675293
2020-01-17,34.03333282470703,12.048036575317383
2020-01-21,36.47999954223633,11.431943893432617
2020-01-22,37.97066879272461,11.754659652709961
2020-01-23,38.14666748046875,11.656867980957031
2020-01-24,37.654666900634766,11.44172477722168
2020-01-27,37.201332092285156,10.86474895477295
2020-01-28,37.793331146240234,10.972320556640625
2020-01-29,38.732666015625,10.737617492675781
2020-01-30,42.72066879272461,10.512694358825684
2020-01-31,43.371334075927734,10.170422554016113
2020-02-03,52.0,10.366006851196289
2020-02-04,59.137332916259766,11.343932151794434
2020-02-05,48.97999954223633,11.607972145080566
2020-02-06,49.930667877197266,11.568854331970215
2020-02-07,49.871334075927734,11.226580619812012
2020-02-10,51.41866683959961,11.431943893432617
2020-02-11,51.62533187866211,11.353710174560547
2020-02-12,51.15266799926758,11.510177612304688
2020-02-13,53.599998474121094,11.324372291564941
2020-02-14,53.33533477783203,11.079890251159668
2020-02-18,57.22666549682617,11.402607917785645
2020-02-19,61.16133117675781,12.087154388427734
2020-02-20,59.96066665649414,13.153092384338379
2020-02-21,60.06666564941406,13.113975524902344
2020-02-24,55.58599853515625,11.979582786560059
2020-02-25,53.32733154296875,12.536999702453613
2020-02-26,51.91999816894531,12.937949180603027
2020-02-27,45.266666412353516,12.341415405273438
2020-02-28,44.53266525268555,11.901349067687988
2020-03-02,49.574668884277344,12.224064826965332
2020-03-03,49.70066833496094,12.439208984375
2020-03-04,49.96666717529297,12.321857452392578
2020-03-05,48.30266571044922,12.165388107299805
2020-03-06,46.89866638183594,11.705764770507812
2020-03-09,40.53333282470703,10.84519100189209
2020-03-10,43.02199935913086,11.246139526367188
2020-03-11,42.28200149536133,10.776735305786133
2020-03-12,37.369998931884766,9.769472122192383
2020-03-13,36.44133377075195,10.600709915161133
2020-03-16,29.67133331298828,9.495652198791504
2020-03-17,28.68000030517578,9.789031028747559
2020-03-18,24.08133316040039,8.967574119567871
2020-03-19,28.50933265686035,8.987131118774414
2020-03-20,28.50200080871582,8.869780540466309
2020-03-23,28.952667236328125,8.517727851867676
2020-03-24,33.66666793823242,9.143601417541504
2020-03-25,35.95000076293945,9.642341613769531
2020-03-26,35.21066665649414,9.945499420166016
2020-03-27,34.29066848754883,9.32940673828125
2020-03-30,33.47533416748047,9.808589935302734
2020-03-31,34.93333435058594,10.277992248535156
2020-04-01,32.104000091552734,9.231613159179688
2020-04-02,30.29800033569336,9.867264747619629
2020-04-03,32.000667572021484,9.68145751953125
2020-04-06,34.41600036621094,9.974835395812988
2020-04-07,36.36333465576172,10.170422554016113
2020-04-08,36.589332580566406,10.09218692779541
2020-04-09,38.20000076293945,10.043292045593262
2020-04-13,43.39666748046875,9.93571949005127
2020-04-14,47.32600021362305,10.600709915161133
2020-04-15,48.65533447265625,10.630046844482422
2020-04-16,49.680667877197266,11.02121639251709
2020-04-17,50.259334564208984,11.040775299072266
2020-04-20,49.75733184814453,10.913643836975098
2020-04-21,45.781333923339844,10.346447944641113
2020-04-22,48.807334899902344,10.678942680358887
2020-04-23,47.04199981689453,10.835410118103027
2020-04-24,48.34333419799805,10.952760696411133
2020-04-27,53.25,11.128787994384766
2020-04-28,51.27466583251953,11.500399589538574
2020-04-29,53.367332458496094,12.321857452392578
2020-04-30,52.12533187866211,12.048036575317383
2020-05-01,46.75466537475586,11.647089958190918
2020-05-04,50.74599838256836,11.852453231811523
2020-05-05,51.2140007019043,12.01870059967041
2020-05-06,52.172000885009766,12.087154388427734
2020-05-07,52.00266647338867,11.783998489379883
2020-05-08,54.62799835205078,11.842673301696777
2020-05-11,54.08599853515625,11.431943893432617
2020-05-12,53.96066665649414,11.412385940551758
2020-05-13,52.73066711425781,11.255918502807617
2020-05-14,53.55533218383789,10.85496997833252
2020-05-15,53.27799987792969,10.952760696411133
2020-05-18,54.242000579833984,11.09945011138916
2020-05-19,53.867332458496094,11.314593315124512
2020-05-20,54.37066650390625,11.500399589538574
2020-05-21,55.17333221435547,11.070113182067871
2020-05-22,54.45866775512695,10.659384727478027
2020-05-26,54.591331481933594,11.246139526367188
2020-05-27,54.68199920654297,11.01143741607666
2020-05-28,53.72066879272461,11.079890251159668
2020-05-29,55.66666793823242,11.060334205627441
2020-06-01,59.87333297729492,11.71554183959961
2020-06-02,58.770668029785156,12.214284896850586
2020-06-03,58.86399841308594,12.233843803405762
2020-06-04,57.62533187866211,12.302297592163086
2020-06-05,59.04399871826172,12.937949180603027
2020-06-08,63.327999114990234,13.280223846435547
2020-06-09,62.711334228515625,13.13353443145752
2020-06-10,68.336669921875,13.290003776550293
2020-06-11,64.85600280761719,13.094417572021484
2020-06-12,62.35200119018555,12.889053344726562
2020-06-15,66.05999755859375,13.593159675598145
2020-06-16,65.47533416748047,13.53448486328125
2020-06-17,66.11933135986328,13.818082809448242
2020-06-18,66.9306640625,14.512410163879395
2020-06-19,66.72666931152344,14.815566062927246
2020-06-22,66.28800201416016,14.991592407226562
2020-06-23,66.78533172607422,15.196956634521484
2020-06-24,64.0566635131836,15.157838821411133
2020-06-25,65.73200225830078,15.076583862304688
2020-06-26,63.982666015625,14.880783081054688
2020-06-29,67.29000091552734,14.939523696899414
2020-06-30,71.98733520507812,15.027633666992188
2020-07-01,74.64199829101562,15.194063186645508
2020-07-02,80.57733154296875,15.135323524475098
2020-07-06,91.43866729736328,18.35622787475586
2020-07-07,92.65733337402344,17.964630126953125
2020-07-08,91.05867004394531,18.698877334594727
2020-07-09,92.9520034790039,18.63035011291504
2020-07-10,102.97666931152344,19.462495803833008
2020-07-13,99.80400085449219,22.135164260864258
2020-07-14,101.12000274658203,20.30443572998047
2020-07-15,103.06732940673828,19.756196975708008
2020-07-16,100.04266357421875,17.62198257446289
2020-07-17,100.05599975585938,17.62198257446289
2020-07-20,109.53333282470703,19.92262840270996
2020-07-21,104.55733489990234,19.65829849243164
2020-07-22,106.15533447265625,18.835939407348633
2020-07-23,100.87133026123047,19.717039108276367
2020-07-24,94.46666717529297,18.405179977416992
2020-07-27,102.63999938964844,18.297489166259766
2020-07-28,98.43267059326172,18.493288040161133
2020-07-29,99.94066619873047,19.0806884765625
2020-07-30,99.16600036621094,18.33664894104004
2020-07-31,95.38400268554688,18.493288040161133
2020-08-03,99.0,18.894678115844727
2020-08-04,99.13333129882812,19.65829849243164
2020-08-05,99.00133514404297,19.736616134643555
2020-08-06,99.30533599853516,20.010738372802734
2020-08-07,96.84733581542969,19.57997703552246
2020-08-10,94.57133483886719,19.19816780090332
2020-08-11,91.6259994506836,18.826147079467773
2020-08-12,103.65066528320312,18.698877334594727
2020-08-13,108.06666564941406,18.385601043701172
2020-08-14,110.04733276367188,18.424758911132812
2020-08-17,122.3759994506836,18.317066192626953
2020-08-18,125.80599975585938,17.95484161376953
2020-08-19,125.23533630371094,17.984210968017578
2020-08-20,133.45533752441406,17.7590389251709
2020-08-21,136.6653289794922,17.670928955078125
2020-08-24,134.27999877929688,17.935258865356445
2020-08-25,134.8893280029297,18.64992904663086
2020-08-26,143.54466247558594,19.62892723083496
2020-08-27,149.25,19.65829849243164
2020-08-28,147.55999755859375,19.99115753173828
2020-08-31,166.10667419433594,20.23590850830078
2020-09-01,158.35000610351562,21.880626678466797
2020-09-02,149.1233367919922,21.831674575805664
2020-09-03,135.6666717529297,20.63729476928711
2020-09-04,139.44000244140625,20.490446090698242
2020-09-08,110.06999969482422,20.38275718688965
2020-09-09,122.09333038330078,20.294649124145508
2020-09-10,123.77999877929688,20.314228057861328
2020-09-11,124.23999786376953,21.733776092529297
2020-09-14,139.8733367919922,21.782724380493164
2020-09-15,149.9199981689453,24.5239200592041
2020-09-16,147.25332641601562,25.796621322631836
2020-09-17,141.14332580566406,27.578397750854492
2020-09-18,147.38333129882812,27.578397750854492
2020-09-21,149.79666137695312,25.708513259887695
2020-09-22,141.41000366210938,27.460918426513672
2020-09-23,126.78666687011719,27.049739837646484
2020-09-24,129.26333618164062,26.560239791870117
2020-09-25,135.77999877929688,26.10011100769043
2020-09-28,140.39999389648438,26.77562141418457
2020-09-29,139.69000244140625,27.83293914794922
2020-09-30,143.00332641601562,31.572715759277344
2020-10-01,149.3866729736328,32.54192352294922
2020-10-02,138.3633270263672,31.484601974487305
2020-10-05,141.89332580566406,31.680404663085938
2020-10-06,137.9933319091797,30.701406478881836
2020-10-07,141.76666259765625,31.112585067749023
2020-10-08,141.97332763671875,32.58108139038086
2020-10-09,144.6666717529297,31.837045669555664
2020-10-12,147.43333435058594,32.58108139038086
2020-10-13,148.88333129882812,32.89436340332031
2020-10-14,153.76666259765625,33.77546310424805
2020-10-15,149.6266632080078,34.32370376586914
2020-10-16,146.55667114257812,32.85520553588867
2020-10-19,143.61000061035156,31.97410011291504
2020-10-20,140.64666748046875,35.048160552978516
2020-10-21,140.8800048828125,35.23417282104492
2020-10-22,141.92999267578125,37.17258834838867
2020-10-23,140.2100067138672,35.008995056152344
2020-10-26,140.0933380126953,33.892940521240234
2020-10-27,141.55999755859375,35.97821044921875
2020-10-28,135.33999633789062,36.14463806152344
2020-10-29,136.94332885742188,40.628456115722656
2020-10-30,129.34666442871094,39.83546447753906
2020-11-02,133.50332641601562,43.702510833740234
2020-11-03,141.3000030517578,43.52628707885742
2020-11-04,140.32666015625,44.896888732910156
2020-11-05,146.02999877929688,50.6729850769043
2020-11-06,143.31666564941406,49.99747085571289
2020-11-09,140.4199981689453,49.63524627685547
2020-11-10,136.7866668701172,44.43675994873047
2020-11-11,139.0433349609375,42.11653518676758
2020-11-12,137.25332641601562,46.218536376953125
2020-11-13,136.1666717529297,46.1598014831543
2020-11-16,136.02999877929688,45.8073616027832
2020-11-17,147.20333862304688,43.457763671875
2020-11-18,162.2133331298828,45.18080139160156
2020-11-19,166.42333984375,44.3878059387207
2020-11-20,163.20333862304688,46.45349884033203
2020-11-23,173.9499969482422,51.54429244995117
2020-11-24,185.1266632080078,51.06458282470703
2020-11-25,191.3333282470703,49.20448303222656
2020-11-27,195.25332641601562,47.74577713012695
2020-11-30,189.1999969482422,45.6702995300293
2020-12-01,194.9199981689453,46.34580993652344
2020-12-02,189.60667419433594,44.564029693603516
2020-12-03,197.7933349609375,43.359859466552734
2020-12-04,199.67999267578125,44.53466033935547
2020-12-07,213.9199981689453,45.1318473815918
2020-12-08,216.6266632080078,46.218536376953125
2020-12-09,201.4933319091797,44.094112396240234
2020-12-10,209.02333068847656,44.78919982910156
2020-12-11,203.3300018310547,43.37944030761719
2020-12-14,213.27667236328125,45.2786979675293
2020-12-15,211.0833282470703,46.375179290771484
2020-12-16,207.58999633789062,45.69967269897461
2020-12-17,218.63333129882812,46.04231643676758
2020-12-18,231.6666717529297,46.89405059814453
2020-12-21,216.6199951171875,51.221221923828125
2020-12-22,213.44667053222656,48.822669982910156
2020-12-23,215.32666015625,49.7918815612793
2020-12-24,220.58999633789062,47.873046875
2020-12-28,221.22999572753906,49.78209686279297
2020-12-29,221.99667358398438,49.15553283691406
2020-12-30,231.5933380126953,50.3205451965332
2020-12-31,235.22332763671875,51.661773681640625
2021-01-04,243.2566680908203,54.921836853027344
2021-01-05,245.0366668701172,58.62245178222656
2021-01-06,251.9933319091797,56.87983703613281
2021-01-07,272.0133361816406,60.67835235595703
2021-01-08,293.3399963378906,61.39302062988281
2021-01-11,270.39666748046875,63.09648513793945
2021-01-12,283.14666748046875,66.6698226928711
2021-01-13,284.8033447265625,65.29922485351562
2021-01-14,281.6666564941406,62.548240661621094
2021-01-15,275.38665771484375,58.642032623291016
2021-01-19,281.51666259765625,60.208431243896484
2021-01-20,283.48333740234375,58.642032623291016
2021-01-21,281.663330078125,62.822357177734375
2021-01-22,282.21331787109375,65.02510833740234
2021-01-25,293.6000061035156,69.11731719970703
2021-01-26,294.36334228515625,66.8949966430664
2021-01-27,288.0533447265625,62.85172653198242
2021-01-28,278.4766540527344,61.28533172607422
2021-01-29,264.510009765625,59.30775833129883
2021-02-01,279.9366760253906,62.94963073730469
2021-02-02,290.92999267578125,67.57051086425781
2021-02-03,284.89666748046875,66.52297973632812
2021-02-04,283.3299865722656,64.58456420898438
2021-02-05,284.07666015625,63.732826232910156
2021-02-08,287.8066711425781,63.938411712646484
2021-02-09,283.1533203125,66.93415832519531
2021-02-10,268.2733459472656,66.6698226928711
2021-02-11,270.5533447265625,67.12016296386719
2021-02-12,272.0400085449219,66.97332000732422
2021-02-16,265.40667724609375,67.5509262084961
2021-02-17,266.04998779296875,66.52297973632812
2021-02-18,262.4599914550781,63.42934036254883
2021-02-19,260.4333190917969,63.03773498535156
2021-02-22,238.1666717529297,58.739933013916016
2021-02-23,232.94667053222656,55.31344223022461
2021-02-24,247.33999633789062,55.42112731933594
2021-02-25,227.4066619873047,51.76945877075195
2021-02-26,225.1666717529297,50.4771842956543
2021-03-01,239.47666931152344,55.558189392089844
2021-03-02,228.81333923339844,53.179222106933594
2021-03-03,217.73333740234375,52.21001434326172
2021-03-04,207.14666748046875,47.70661926269531
2021-03-05,199.31666564941406,48.86183547973633
2021-03-08,187.6666717529297,43.73188018798828
2021-03-09,224.52667236328125,48.1177978515625
2021-03-10,222.68666076660156,46.756988525390625
2021-03-11,233.1999969482422,50.99605178833008
2021-03-12,231.2433319091797,48.76393508911133
2021-03-15,235.97999572753906,47.50102615356445
2021-03-16,225.6266632080078,48.33317184448242
2021-03-17,233.93666076660156,49.15553283691406
2021-03-18,217.72000122070312,47.21711349487305
2021-03-19,218.2899932861328,47.30522537231445
2021-03-22,223.3333282470703,47.6282958984375
2021-03-23,220.72000122070312,45.249332427978516
2021-03-24,210.08999633789062,40.8144645690918
2021-03-25,213.4633331298828,42.54729461669922
2021-03-26,206.23666381835938,44.44654846191406
2021-03-29,203.76333618164062,42.59624099731445
2021-03-30,211.8733367919922,43.41859817504883
2021-03-31,222.64332580566406,42.36128616333008
2021-04-01,220.5833282470703,44.289913177490234
2021-04-05,230.35000610351562,45.28848648071289
2021-04-06,230.5399932861328,45.16122055053711
2021-04-07,223.6566619873047,44.01578903198242
2021-04-08,227.93333435058594,44.65214157104492
2021-04-09,225.67333984375,44.15284729003906
2021-04-12,233.9933319091797,42.89973449707031
2021-04-13,254.10667419433594,43.48712921142578
2021-04-14,244.07666015625,44.10390090942383
2021-04-15,246.28334045410156,44.12348175048828
2021-04-16,246.5933380126953,44.368228912353516
2021-04-19,238.2100067138672,46.0129508972168
2021-04-20,239.663330078125,45.4255485534668
2021-04-21,248.0399932861328,45.68008804321289
2021-04-22,239.89666748046875,44.61298370361328
2021-04-23,243.13333129882812,45.777984619140625
2021-04-26,246.06666564941406,44.74025344848633
2021-04-27,234.913330078125,44.61298370361328
2021-04-28,231.46665954589844,43.594818115234375
2021-04-29,225.6666717529297,42.01862716674805
2021-04-30,236.47999572753906,40.55992126464844
2021-05-03,228.3000030517578,39.434078216552734
2021-05-04,224.53334045410156,39.12079620361328
2021-05-05,223.64666748046875,39.55155563354492
2021-05-06,221.17999267578125,38.004737854003906
2021-05-07,224.1233367919922,36.75162124633789
2021-05-10,209.67999267578125,35.390811920166016
2021-05-11,205.73333740234375,35.93904495239258
2021-05-12,196.6300048828125,36.23274612426758
2021-05-13,190.56333923339844,35.292911529541016
2021-05-14,196.5800018310547,36.99637222290039
2021-05-17,192.27667236328125,38.66066360473633
2021-05-18,192.6233367919922,38.77814483642578
2021-05-19,187.82000732421875,38.98373794555664
2021-05-20,195.5933380126953,41.117950439453125
2021-05-21,193.6266632080078,42.00884246826172
2021-05-24,202.14666748046875,42.88994216918945
2021-05-25,201.56333923339844,43.17384719848633
2021-05-26,206.3766632080078,44.98500061035156
2021-05-27,210.28334045410156,44.564029693603516
2021-05-28,208.4066619873047,45.1318473815918
2021-06-01,207.96665954589844,48.45065689086914
2021-06-02,201.7066650390625,48.47023391723633
2021-06-03,190.94667053222656,47.41291809082031
2021-06-04,199.68333435058594,48.96952438354492
2021-06-07,201.7100067138672,48.40170669555664
2021-06-08,201.19667053222656,51.0547981262207
2021-06-09,199.5933380126953,50.32481002807617
2021-06-10,203.3733367919922,53.54849624633789
2021-06-11,203.29666137695312,54.2343864440918
2021-06-14,205.89666748046875,55.224029541015625
2021-06-15,199.7866668701172,55.723751068115234
2021-06-16,201.6233367919922,52.31389236450195
2021-06-17,205.53334045410156,56.70359420776367
2021-06-18,207.77000427246094,58.349735260009766
2021-06-21,206.94332885742188,58.32033920288086
2021-06-22,207.90333557128906,55.851131439208984
2021-06-23,218.85667419433594,57.87940979003906
2021-06-24,226.60667419433594,57.38948440551758
2021-06-25,223.9566650390625,57.487464904785156
2021-06-28,229.57333374023438,60.11344909667969
2021-06-29,226.9199981689453,60.11344909667969
2021-06-30,226.56666564941406,58.86905288696289
2021-07-01,225.97332763671875,57.556060791015625
2021-07-02,226.3000030517578,55.84133529663086
2021-07-06,219.86000061035156,56.06669998168945
2021-07-07,214.88333129882812,55.74334716796875
2021-07-08,217.60333251953125,55.184837341308594
2021-07-09,218.98333740234375,55.214229583740234
2021-07-12,228.56666564941406,58.594696044921875
2021-07-13,222.84666442871094,58.67308044433594
2021-07-14,217.7933349609375,55.517982482910156
2021-07-15,216.86666870117188,53.88164520263672
2021-07-16,214.74000549316406,52.78421401977539
2021-07-19,215.4066619873047,51.990543365478516
2021-07-20,220.1666717529297,52.1571159362793
2021-07-21,218.42999267578125,55.792335510253906
2021-07-22,216.4199981689453,55.90992736816406
2021-07-23,214.4600067138672,56.350852966308594
2021-07-26,219.2066650390625,54.50874328613281
2021-07-27,214.92666625976562,51.16747283935547
2021-07-28,215.66000366210938,56.145084381103516
2021-07-29,225.78334045410156,57.7618293762207
2021-07-30,229.06666564941406,60.47599792480469
2021-08-02,236.55667114257812,64.65992736816406
2021-08-03,236.5800018310547,64.76770782470703
2021-08-04,236.97332763671875,69.37298583984375
2021-08-05,238.2100067138672,70.29403686523438
2021-08-06,233.03334045410156,68.31475067138672
2021-08-09,237.9199981689453,67.25652313232422
2021-08-10,236.663330078125,67.35449981689453
2021-08-11,235.94000244140625,67.66804504394531
2021-08-12,240.75,69.03003692626953
2021-08-13,239.05667114257812,68.63810729980469
2021-08-16,228.72332763671875,63.170570373535156
2021-08-17,221.90333557128906,63.23915481567383
2021-08-18,229.663330078125,64.97348022460938
2021-08-19,224.49000549316406,64.90489196777344
2021-08-20,226.75332641601562,64.0426254272461
2021-08-23,235.43333435058594,67.0213623046875
2021-08-24,236.163330078125,67.36430358886719
2021-08-25,237.06666564941406,66.81558990478516
2021-08-26,233.72000122070312,63.905452728271484
2021-08-27,237.30667114257812,64.33658599853516
2021-08-30,243.6366729736328,65.8651351928711
2021-08-31,245.24000549316406,65.7769546508789
2021-09-01,244.69667053222656,65.15965270996094
2021-09-02,244.1300048828125,65.7769546508789
2021-09-03,244.52333068847656,64.27779388427734
2021-09-07,250.97332763671875,68.9124526977539
2021-09-08,251.2899932861328,66.69800567626953
2021-09-09,251.6199951171875,66.74700164794922
2021-09-10,245.42333984375,64.89510345458984
2021-09-13,247.6666717529297,64.76770782470703
2021-09-14,248.163330078125,65.84554290771484
2021-09-15,251.94332885742188,65.48300170898438
2021-09-16,252.3300018310547,62.6904411315918
2021-09-17,253.163330078125,64.2092056274414
2021-09-20,243.38999938964844,59.5549430847168
2021-09-21,246.4600067138672,61.25007247924805
2021-09-22,250.64666748046875,62.739437103271484
2021-09-23,251.2133331298828,60.86793518066406
2021-09-24,258.1300048828125,60.45640182495117
2021-09-27,263.78668212890625,61.181480407714844
2021-09-28,259.1866760253906,60.22123718261719
2021-09-29,260.4366760253906,59.15320587158203
2021-09-30,258.49334716796875,61.10309982299805
2021-10-01,258.40667724609375,60.52499008178711
2021-10-04,260.510009765625,60.11344909667969
2021-10-05,260.1966552734375,62.34749984741211
2021-10-06,260.9166564941406,60.70136260986328
2021-10-07,264.53668212890625,63.395931243896484
2021-10-08,261.8299865722656,62.30830383300781
2021-10-11,263.9800109863281,64.36598205566406
2021-10-12,268.5733337402344,64.1014175415039
2021-10-13,270.3599853515625,66.15908813476562
2021-10-14,272.7733459472656,66.18849182128906
2021-10-15,281.010009765625,69.19661712646484
2021-10-18,290.03668212890625,70.17646026611328
2021-10-19,288.0899963378906,71.47964477539062
2021-10-20,288.6000061035156,71.85198974609375
2021-10-21,298.0,71.96956634521484
2021-10-22,303.2266540527344,74.62495422363281
2021-10-25,341.6199951171875,78.56392669677734
2021-10-26,339.4766540527344,77.91722106933594
2021-10-27,345.9533386230469,78.34835815429688
2021-10-28,359.0133361816406,73.34134674072266
2021-10-29,371.3333435058594,70.97992706298828
2021-11-01,402.86334228515625,73.44913482666016
2021-11-02,390.6666564941406,74.87970733642578
2021-11-03,404.6199951171875,74.36038970947266
2021-11-04,409.9700012207031,78.49533081054688
2021-11-05,407.36334228515625,77.35871124267578
2021-11-08,387.64666748046875,77.31951904296875
2021-11-09,341.1666564941406,77.29012298583984
2021-11-10,355.98333740234375,75.22264862060547
2021-11-11,354.5033264160156,77.54488372802734
2021-11-12,344.47332763671875,75.5949935913086
2021-11-15,337.7966613769531,73.51773071289062
2021-11-16,351.57666015625,76.44746398925781
2021-11-17,363.0033264160156,74.52696228027344
2021-11-18,365.4599914550781,75.51660919189453
2021-11-19,379.0199890136719,75.48721313476562
2021-11-22,385.6233215332031,78.91666412353516
2021-11-23,369.6766662597656,79.524169921875
2021-11-24,372.0,79.36740112304688
2021-11-26,360.6400146484375,75.58519744873047
2021-11-29,378.9966735839844,76.6140365600586
2021-11-30,381.586669921875,77.45670318603516
2021-12-01,365.0,75.91835021972656
2021-12-02,361.5333251953125,75.9085464477539
2021-12-03,338.3233337402344,72.78284454345703
2021-12-06,336.336669921875,72.33211517333984
2021-12-07,350.5833435058594,73.96845245361328
2021-12-08,356.32000732421875,74.11542510986328
2021-12-09,334.6000061035156,72.58687591552734
2021-12-10,339.010009765625,73.16498565673828
2021-12-13,322.13665771484375,71.23468017578125
2021-12-14,319.5033264160156,69.69632720947266
2021-12-15,325.3299865722656,67.21733093261719
2021-12-16,308.97332763671875,68.3343505859375
2021-12-17,310.8566589355469,66.43345642089844
2021-12-20,299.9800109863281,61.31866455078125
2021-12-21,312.84332275390625,65.44380187988281
2021-12-22,336.2900085449219,66.9429702758789
2021-12-23,355.6666564941406,67.69744110107422
2021-12-27,364.64666748046875,65.99252319335938
2021-12-28,362.8233337402344,64.88529968261719
2021-12-29,362.0633239746094,65.80635833740234
2021-12-30,356.7799987792969,68.2265625
2021-12-31,352.260009765625,66.13949584960938
2022-01-03,399.9266662597656,68.30494689941406
2022-01-04,383.1966552734375,67.81502532958984
2022-01-05,362.7066650390625,62.71004104614258
2022-01-06,354.8999938964844,62.47488021850586
2022-01-07,342.32000732421875,61.818382263183594
2022-01-10,352.7066650390625,60.025264739990234
2022-01-11,354.79998779296875,62.43568420410156
2022-01-12,368.739990234375,66.21788787841797
2022-01-13,343.85333251953125,64.68932342529297
2022-01-14,349.8699951171875,66.60002136230469
2022-01-18,343.5033264160156,66.48243713378906
2022-01-19,331.8833312988281,63.99363708496094
2022-01-20,332.0899963378906,65.59078979492188
2022-01-21,314.6333312988281,63.954437255859375
2022-01-24,310.0,60.45640182495117
2022-01-25,306.1333312988281,60.61317443847656
2022-01-26,312.4700012207031,61.044307708740234
2022-01-27,276.3666687011719,59.49615478515625
2022-01-28,282.1166687011719,55.11624526977539
2022-01-31,312.239990234375,58.38893127441406
2022-02-01,310.4166564941406,58.66328430175781
2022-02-02,301.88665771484375,58.67308044433594
2022-02-03,297.0466613769531,57.66384506225586
2022-02-04,307.7733459472656,60.260433197021484
2022-02-07,302.4466552734375,60.7209587097168
2022-02-08,307.3333435058594,60.51519012451172
2022-02-09,310.6666564941406,62.39649200439453
2022-02-10,301.51666259765625,59.750911712646484
2022-02-11,286.6666564941406,57.20331573486328
2022-02-14,291.9200134277344,58.80045700073242
2022-02-15,307.4766540527344,61.83797836303711
2022-02-16,307.7966613769531,62.05354690551758
2022-02-17,292.1166687011719,62.67084884643555
2022-02-18,285.6600036621094,60.73075485229492
2022-02-22,273.84332275390625,58.79066848754883
2022-02-23,254.67999267578125,59.476558685302734
2022-02-24,266.92333984375,58.859249114990234
2022-02-25,269.9566650390625,60.270225524902344
2022-02-28,290.1433410644531,60.789546966552734
2022-03-01,288.1233215332031,58.92784118652344
2022-03-02,293.2966613769531,60.044864654541016
2022-03-03,279.7633361816406,56.8505744934082
2022-03-04,279.42999267578125,52.55885314941406
2022-03-07,268.1933288574219,50.06024932861328
2022-03-08,274.79998779296875,47.277488708496094
2022-03-09,286.3233337402344,50.13863754272461
2022-03-10,279.4333190917969,48.02217102050781
2022-03-11,265.1166687011719,46.49361801147461
2022-03-14,255.4566650390625,42.42726135253906
2022-03-15,267.2966613769531,43.85783386230469
2022-03-16,280.07666015625,53.70527267456055
2022-03-17,290.5333251953125,52.80381393432617
2022-03-18,301.7966613769531,55.635562896728516
2022-03-21,307.0533447265625,53.254539489746094
2022-03-22,331.32666015625,55.53757858276367
2022-03-23,333.03668212890625,56.04710006713867
2022-03-24,337.97332763671875,56.19407653808594
2022-03-25,336.8800048828125,53.489707946777344
2022-03-28,363.9466552734375,53.86204528808594
2022-03-29,366.5233459472656,54.0874137878418
2022-03-30,364.663330078125,55.919715881347656
2022-03-31,359.20001220703125,54.224586486816406
2022-04-01,361.5299987792969,56.635005950927734
2022-04-04,381.8166809082031,61.57342529296875
2022-04-05,363.7533264160156,59.662723541259766
2022-04-06,348.586669921875,58.81026077270508
2022-04-07,352.4200134277344,58.44771957397461
2022-04-08,341.8299865722656,58.878849029541016
2022-04-11,325.30999755859375,55.919715881347656
2022-04-12,328.98333740234375,55.42979431152344
2022-04-13,340.7900085449219,58.52610778808594
2022-04-14,328.3333435058594,58.594696044921875
2022-04-18,334.7633361816406,58.54570007324219
2022-04-19,342.7166748046875,60.30942153930664
2022-04-20,325.73333740234375,58.13417053222656
2022-04-21,336.260009765625,55.8707275390625
2022-04-22,335.01666259765625,56.938758850097656
2022-04-25,332.67333984375,55.90992736816406
2022-04-26,292.1400146484375,53.940433502197266
2022-04-27,293.836669921875,55.99810791015625
2022-04-28,292.5033264160156,56.73299026489258
2022-04-29,290.2533264160156,56.762386322021484
2022-05-02,300.9800109863281,56.83097457885742
2022-05-03,303.0833435058594,58.74167251586914
2022-05-04,317.5400085449219,60.51519012451172
2022-05-05,291.09332275390625,56.83097457885742
2022-05-06,288.54998779296875,56.00790786743164
2022-05-09,262.3699951171875,51.76518249511719
2022-05-10,266.67999267578125,52.82341384887695
2022-05-11,244.6666717529297,55.80213928222656
2022-05-12,242.6666717529297,56.11568832397461
2022-05-13,256.5299987792969,59.5549430847168
2022-05-16,241.4566650390625,59.662723541259766
2022-05-17,253.8699951171875,63.542903900146484
2022-05-18,236.60333251953125,63.523319244384766
2022-05-19,236.47332763671875,66.14929962158203
2022-05-20,221.3000030517578,65.23804473876953
2022-05-23,224.96665954589844,66.74700164794922
2022-05-24,209.3866729736328,62.56306076049805
2022-05-25,219.60000610351562,64.78731536865234
2022-05-26,235.91000366210938,68.16777801513672
2022-05-27,253.2100067138672,68.2265625
2022-05-31,252.75332641601562,69.5787582397461
2022-06-01,246.7899932861328,69.85311126708984
2022-06-02,258.3333435058594,73.10619354248047
2022-06-03,234.51666259765625,71.62661743164062
2022-06-06,238.27999877929688,74.93850708007812
2022-06-07,238.8866729736328,74.92870330810547
2022-06-08,241.86666870117188,76.30049133300781
2022-06-09,239.7066650390625,73.30215454101562
2022-06-10,232.22999572753906,76.73606872558594
2022-06-13,215.73666381835938,73.92267608642578
2022-06-14,220.88999938964844,77.7457504272461
2022-06-15,233.0,74.10892486572266
2022-06-16,213.10000610351562,71.38375854492188
2022-06-17,216.75999450683594,73.10904693603516
2022-06-21,237.0366668701172,75.37348937988281
2022-06-22,236.086669921875,74.66767883300781
2022-06-23,235.07000732421875,77.4418716430664
2022-06-24,245.7066650390625,77.3438491821289
2022-06-27,244.9199981689453,78.65740966796875
2022-06-28,232.663330078125,81.32376861572266
2022-06-29,228.49000549316406,79.4514389038086
2022-06-30,224.47332763671875,78.89268493652344
2022-07-01,227.26333618164062,78.14767456054688
2022-07-05,233.06666564941406,78.63780975341797
2022-07-06,231.73333740234375,78.75543212890625
2022-07-07,244.5433349609375,82.75496673583984
2022-07-08,250.76333618164062,80.863037109375
2022-07-11,234.3433380126953,76.04987335205078
2022-07-12,233.07000732421875,67.68811798095703
2022-07-13,237.0399932861328,68.12924194335938
2022-07-14,238.31333923339844,73.23648071289062
2022-07-15,240.06666564941406,73.76583099365234
2022-07-18,240.54666137695312,72.73653411865234
2022-07-19,245.52999877929688,73.22667694091797
2022-07-20,247.5,71.41316223144531
2022-07-21,271.7066650390625,72.18758392333984
2022-07-22,272.24334716796875,70.02117156982422
2022-07-25,268.4333190917969,71.50138854980469
2022-07-26,258.8599853515625,70.89362335205078
2022-07-27,274.82000732421875,72.65811920166016
2022-07-28,280.8999938964844,72.9325942993164
2022-07-29,297.1499938964844,71.59941864013672
2022-08-01,297.27667236328125,72.98160552978516
2022-08-02,300.586669921875,72.01113891601562
2022-08-03,307.39666748046875,72.85417175292969
2022-08-04,308.6333312988281,74.55986022949219
2022-08-05,288.1700134277344,72.07975006103516
2022-08-08,290.42333984375,72.97180938720703
2022-08-09,283.3333435058594,71.42296600341797
2022-08-10,294.3566589355469,71.04065704345703
2022-08-11,286.6300048828125,71.9327163696289
2022-08-12,300.0299987792969,71.86408996582031
2022-08-15,309.32000732421875,71.4621810913086
2022-08-16,306.5633239746094,71.17790222167969
2022-08-17,303.9966735839844,71.82488250732422
2022-08-18,302.8699951171875,70.81520080566406
2022-08-19,296.6666564941406,68.37430572509766
2022-08-22,289.913330078125,68.8154296875
2022-08-23,296.4533386230469,67.65870666503906
2022-08-24,297.0966796875,65.74716186523438
2022-08-25,296.07000732421875,66.66862487792969
2022-08-26,288.0899963378906,66.1392822265625
2022-08-29,284.82000732421875,68.30569458007812
2022-08-30,277.70001220703125,62.91416549682617
2022-08-31,275.6099853515625,60.57130813598633
2022-09-01,277.1600036621094,57.73830795288086
2022-09-02,270.2099914550781,53.76818084716797
2022-09-06,274.4200134277344,53.915225982666016
2022-09-07,283.70001220703125,56.31690216064453
2022-09-08,289.260009765625,54.709251403808594
2022-09-09,299.67999267578125,55.483665466308594
2022-09-12,304.4200134277344,56.561973571777344
2022-09-13,292.1300048828125,56.11104965209961
2022-09-14,302.6099853515625,55.160179138183594
2022-09-15,303.75,53.44469451904297
2022-09-16,303.3500061035156,53.1898193359375
2022-09-19,309.07000732421875,55.042545318603516
2022-09-20,308.7300109863281,54.63082504272461
2022-09-21,300.79998779296875,53.18001937866211
2022-09-22,288.5899963378906,53.199623107910156
2022-09-23,275.3299865722656,52.08210754394531
2022-09-26,276.010009765625,52.974159240722656
2022-09-27,282.94000244140625,52.415401458740234
2022-09-28,287.80999755859375,52.7388916015625
2022-09-29,268.2099914550781,49.396148681640625
2022-09-30,265.25,48.180606842041016
2022-10-03,242.39999389648438,49.160884857177734
2022-10-04,249.44000244140625,53.21923065185547
2022-10-05,240.80999755859375,52.08210754394531
2022-10-06,238.1300048828125,50.484256744384766
2022-10-07,223.07000732421875,48.523704528808594
2022-10-10,222.9600067138672,46.95526123046875
2022-10-11,216.5,46.95526123046875
2022-10-12,217.24000549316406,48.27863311767578
2022-10-13,221.72000122070312,48.072776794433594
2022-10-14,204.99000549316406,47.621849060058594
2022-10-17,219.35000610351562,50.38623046875
2022-10-18,220.19000244140625,50.88616943359375
2022-10-19,222.0399932861328,48.523704528808594
2022-10-20,207.27999877929688,48.856998443603516
2022-10-21,214.44000244140625,49.994117736816406
2022-10-24,211.25,45.955379486083984
2022-10-25,222.4199981689453,46.40630340576172
2022-10-26,224.63999938964844,47.317962646484375
2022-10-27,225.08999633789062,45.57307052612305
2022-10-28,228.52000427246094,43.00474166870117
2022-10-31,227.5399932861328,44.328121185302734
2022-11-01,227.82000732421875,45.641693115234375
2022-11-02,214.97999572753906,46.739601135253906
2022-11-03,215.30999755859375,48.01396179199219
2022-11-04,207.47000122070312,47.77869415283203
2022-11-07,197.0800018310547,49.082462310791016
2022-11-08,191.3000030517578,49.27851867675781
2022-11-09,177.58999633789062,45.092735290527344
2022-11-10,190.72000122070312,47.268951416015625
2022-11-11,195.97000122070312,48.55310821533203
2022-11-14,190.9499969482422,47.92573547363281
2022-11-15,194.4199981689453,48.523704528808594
2022-11-16,186.9199981689453,47.229740142822266
2022-11-17,183.1699981689453,47.44540023803711
2022-11-18,180.19000244140625,46.33768844604492
2022-11-21,167.8699951171875,45.94557189941406
2022-11-22,169.91000366210938,44.16147232055664
2022-11-23,183.1999969482422,44.4261474609375
2022-11-25,182.86000061035156,42.896915435791016
2022-11-28,182.9199981689453,43.3282356262207
2022-11-29,180.8300018310547,45.71030807495117
2022-11-30,194.6999969482422,50.209781646728516
2022-12-01,194.6999969482422,49.01383972167969
2022-12-02,194.86000061035156,50.974395751953125
2022-12-05,182.4499969482422,48.20021057128906
2022-12-06,179.82000732421875,50.307804107666016
2022-12-07,174.0399932861328,51.327293395996094
2022-12-08,173.44000244140625,54.15049362182617
2022-12-09,179.0500030517578,52.866329193115234
2022-12-12,167.82000732421875,53.1604118347168
2022-12-13,160.9499969482422,52.35658264160156
2022-12-14,156.8000030517578,51.71940231323242
2022-12-15,157.6699981689453,51.572364807128906
2022-12-16,150.22999572753906,51.7684211730957
2022-12-19,149.8699951171875,50.748931884765625
2022-12-20,137.8000030517578,50.29800796508789
2022-12-21,137.57000732421875,50.660709381103516
2022-12-22,125.3499984741211,49.11186599731445
2022-12-23,123.1500015258789,48.033565521240234
2022-12-27,109.0999984741211,47.9355354309082
2022-12-28,112.70999908447266,47.533626556396484
2022-12-29,121.81999969482422,49.01383972167969
2022-12-30,123.18000030517578,48.17080307006836
2023-01-03,108.0999984741211,50.033329010009766
2023-01-04,113.63999938964844,52.79771041870117
2023-01-05,110.33999633789062,52.30757141113281
2023-01-06,113.05999755859375,51.464534759521484
2023-01-09,119.7699966430664,50.837158203125
2023-01-10,118.8499984741211,52.42520523071289
2023-01-11,123.22000122070312,55.10136032104492
2023-01-12,123.55999755859375,58.09120178222656
2023-01-13,122.4000015258789,57.934356689453125
2023-01-17,131.49000549316406,55.67972183227539
2023-01-18,128.77999877929688,54.96411895751953
2023-01-19,127.16999816894531,57.061912536621094
2023-01-20,133.4199981689453,57.120731353759766
2023-01-23,143.75,58.04219055175781
2023-01-24,143.88999938964844,58.287261962890625
2023-01-25,144.42999267578125,58.032386779785156
2023-01-26,160.27000427246094,60.8555908203125
2023-01-27,177.89999389648438,62.247581481933594
2023-01-30,166.66000366210938,62.91416549682617
2023-01-31,173.22000122070312,62.247581481933594
2023-02-01,181.41000366210938,65.8255844116211
2023-02-02,188.27000427246094,65.08057403564453
2023-02-03,189.97999572753906,63.1396369934082
2023-02-06,194.75999450683594,61.29670715332031
2023-02-07,196.80999755859375,60.93400955200195
2023-02-08,201.2899932861328,59.473392486572266
2023-02-09,207.32000732421875,61.43394470214844
2023-02-10,196.88999938964844,59.44398498535156
2023-02-13,194.63999938964844,60.41446304321289
2023-02-14,209.25,59.97333908081055
2023-02-15,214.24000549316406,59.89491271972656
2023-02-16,202.0399932861328,58.914634704589844
2023-02-17,208.30999755859375,57.434417724609375
2023-02-21,197.3699951171875,56.38552474975586
2023-02-22,200.86000061035156,55.85617446899414
2023-02-23,202.07000732421875,55.34642791748047
2023-02-24,196.8800048828125,54.43477249145508
2023-02-27,207.6300048828125,53.61133575439453
2023-02-28,205.7100067138672,52.70948791503906
2023-03-01,202.77000427246094,55.35623550415039
2023-03-02,190.89999389648438,56.49335479736328
2023-03-03,197.7899932861328,56.8266487121582
2023-03-06,193.80999755859375,56.32670593261719
2023-03-07,187.7100067138672,54.679840087890625
2023-03-08,182.0,54.395565032958984
2023-03-09,172.9199981689453,53.425086975097656
2023-03-10,173.44000244140625,50.29800796508789
2023-03-13,174.47999572753906,49.01383972167969
2023-03-14,183.25999450683594,49.81766891479492
2023-03-15,180.4499969482422,49.20009231567383
2023-03-16,184.1300048828125,50.63129806518555
2023-03-17,180.1300048828125,50.484256744384766
2023-03-20,183.25,50.29800796508789
2023-03-21,197.5800018310547,50.68031311035156
2023-03-22,191.14999389648438,51.19005584716797
2023-03-23,192.22000122070312,52.327178955078125
2023-03-24,190.41000366210938,52.47421646118164
2023-03-27,191.80999755859375,51.876251220703125
2023-03-28,189.19000244140625,54.140689849853516
2023-03-29,193.8800048828125,55.19939041137695
2023-03-30,195.27999877929688,57.2775764465332
2023-03-31,207.4600067138672,57.67948913574219
2023-04-03,194.77000427246094,57.81672668457031
2023-04-04,192.5800018310547,57.17955017089844
2023-04-05,185.52000427246094,56.10124206542969
2023-04-06,185.05999755859375,57.061912536621094
2023-04-10,184.50999450683594,56.8266487121582
2023-04-11,186.7899932861328,56.679603576660156
2023-04-12,180.5399932861328,54.50339126586914
2023-04-13,185.89999389648438,55.65031814575195
2023-04-14,185.0,55.97380828857422
2023-04-17,187.0399932861328,57.5716552734375
2023-04-18,184.30999755859375,57.32659149169922
2023-04-19,180.58999633789062,58.13041305541992
2023-04-20,162.99000549316406,56.31690216064453
2023-04-21,165.0800018310547,55.63071060180664
2023-04-24,162.5500030517578,57.120731353759766
2023-04-25,160.6699981689453,54.983726501464844
2023-04-26,153.75,57.65008544921875
2023-04-27,160.19000244140625,60.74775695800781
2023-04-28,164.30999755859375,59.453792572021484
2023-05-01,161.8300018310547,59.22832489013672
2023-05-02,160.30999755859375,56.96388626098633
2023-05-03,160.61000061035156,57.90495300292969
2023-05-04,161.1999969482422,59.012664794921875
2023-05-05,170.05999755859375,59.20872116088867
2023-05-08,171.7899932861328,59.385169982910156
2023-05-09,169.14999389648438,59.502803802490234
2023-05-10,168.5399932861328,61.316314697265625
2023-05-11,172.0800018310547,61.87507247924805
2023-05-12,167.97999572753906,60.20860290527344
2023-05-15,166.35000610351562,62.120140075683594
2023-05-16,166.52000427246094,60.79676818847656
2023-05-17,173.86000061035156,60.40465545654297
2023-05-18,176.88999938964844,60.29682922363281
2023-05-19,180.13999938964844,61.228092193603516
2023-05-22,188.8699951171875,63.36509704589844
2023-05-23,185.77000427246094,62.00251007080078
2023-05-24,182.89999389648438,61.19868087768555
2023-05-25,184.47000122070312,58.05199432373047
2023-05-26,193.1699981689453,58.3460807800293
2023-05-30,201.16000366210938,58.257850646972656
2023-05-31,203.92999267578125,59.140106201171875
2023-06-01,207.52000427246094,60.218406677246094
2023-06-02,213.97000122070312,62.00251007080078
2023-06-05,217.61000061035156,62.218170166015625
2023-06-06,221.30999755859375,64.02188110351562
2023-06-07,224.57000732421875,62.72791290283203
2023-06-08,234.86000061035156,62.64949035644531
2023-06-09,244.39999389648438,63.041603088378906
2023-06-12,249.8300018310547,64.24470520019531
2023-06-13,258.7099914550781,65.11182403564453
2023-06-14,256.7900085449219,65.91980743408203
2023-06-15,255.89999389648438,68.7773208618164
2023-06-16,260.5400085449219,67.52591705322266
2023-06-20,274.45001220703125,66.01834106445312
2023-06-21,259.4599914550781,66.0281982421875
2023-06-22,264.6099853515625,65.86067962646484
2023-06-23,256.6000061035156,63.79145050048828
2023-06-26,241.0500030517578,63.76189041137695
2023-06-27,250.2100067138672,63.96881103515625
2023-06-28,256.239990234375,63.41701889038086
2023-06-29,257.5,61.8109016418457
2023-06-30,261.7699890136719,63.21009826660156
2023-07-03,279.82000732421875,65.15123748779297
2023-07-05,282.4800109863281,66.21540832519531
2023-07-06,276.5400085449219,65.49610900878906
2023-07-07,274.42999267578125,65.49610900878906
2023-07-10,269.6099853515625,65.54537200927734
2023-07-11,269.7900085449219,66.57998657226562
2023-07-12,271.989990234375,66.95441436767578
2023-07-13,277.8999938964844,66.79676818847656
2023-07-14,281.3800048828125,68.12698364257812
2023-07-17,290.3800048828125,67.27958679199219
2023-07-18,293.3399963378906,66.48145294189453
2023-07-19,291.260009765625,67.328857421875
2023-07-20,262.8999938964844,67.02339172363281
2023-07-21,260.0199890136719,66.99383544921875
2023-07-24,269.05999755859375,67.5456314086914
2023-07-25,265.2799987792969,66.58984375
2023-07-26,264.3500061035156,68.21566772460938
2023-07-27,255.7100067138672,66.29423522949219
2023-07-28,266.44000244140625,69.49662017822266
2023-07-31,267.42999267578125,70.30460357666016
2023-08-01,261.07000732421875,69.36852264404297
2023-08-02,254.11000061035156,68.01859283447266
2023-08-03,259.32000732421875,68.99408721923828
2023-08-04,253.86000061035156,67.27958679199219
2023-08-07,251.4499969482422,67.5456314086914
2023-08-08,249.6999969482422,65.03298950195312
2023-08-09,242.19000244140625,64.49104309082031
2023-08-10,245.33999633789062,65.23005676269531
2023-08-11,242.64999389648438,63.11156463623047
2023-08-14,239.75999450683594,59.721961975097656
2023-08-15,232.9600067138672,58.22423553466797
2023-08-16,225.60000610351562,56.85459899902344
2023-08-17,219.22000122070312,57.94833755493164
2023-08-18,215.49000549316406,55.425846099853516
2023-08-21,231.27999877929688,55.573646545410156
2023-08-22,233.19000244140625,54.84449005126953
2023-08-23,236.86000061035156,55.81013107299805
2023-08-24,230.0399932861328,55.93822479248047
2023-08-25,238.58999633789062,56.80533218383789
2023-08-28,238.82000732421875,57.6625862121582
2023-08-29,257.17999267578125,60.786136627197266
2023-08-30,256.8999938964844,62.25430679321289
2023-08-31,258.0799865722656,62.21489334106445
2023-09-01,245.00999450683594,63.091854095458984
2023-09-05,256.489990234375,62.63859558105469
2023-09-06,251.9199981689453,62.97361373901367
2023-09-07,251.49000549316406,61.66310119628906
2023-09-08,248.5,61.18027877807617
2023-09-11,273.5799865722656,62.678009033203125
2023-09-12,267.4800109863281,64.65856170654297
2023-09-13,271.29998779296875,62.47108840942383
2023-09-14,276.0400085449219,61.97841262817383
2023-09-15,274.3900146484375,61.93899917602539
2023-09-18,265.2799987792969,62.411964416503906
2023-09-19,266.5,61.59412384033203
2023-09-20,262.5899963378906,61.44632339477539
2023-09-21,255.6999969482422,60.00771713256836
2023-09-22,244.8800048828125,61.86016845703125
2023-09-25,246.99000549316406,62.411964416503906
2023-09-26,244.1199951171875,60.707313537597656
2023-09-27,240.5,59.82049560546875
2023-09-28,246.3800048828125,59.662841796875
2023-09-29,250.22000122070312,60.69745635986328
2023-10-02,251.60000610351562,60.43141555786133
2023-10-03,246.52999877929688,59.94859313964844
2023-10-04,261.1600036621094,58.667640686035156
2023-10-05,260.04998779296875,58.8154411315918
2023-10-06,260.5299987792969,59.347530364990234
2023-10-09,259.6700134277344,59.09134292602539
2023-10-10,263.6199951171875,60.84526062011719
2023-10-11,262.989990234375,61.32808303833008
2023-10-12,258.8699951171875,61.268959045410156
2023-10-13,251.1199951171875,60.69745635986328
2023-10-16,253.9199981689453,61.08174514770508
2023-10-17,254.85000610351562,62.569618225097656
2023-10-18,242.67999267578125,63.58452606201172
2023-10-19,220.11000061035156,62.293724060058594
2023-10-20,211.99000549316406,61.08174514770508
2023-10-23,212.0800018310547,61.33793258666992
2023-10-24,216.52000427246094,62.20504379272461
2023-10-25,212.4199981689453,60.460975646972656
2023-10-26,205.75999450683594,61.5645637512207
2023-10-27,207.3000030517578,61.04233169555664
2023-10-30,197.36000061035156,61.87987518310547
2023-10-31,200.83999633789062,60.02742004394531
2023-11-01,205.66000366210938,59.45591735839844
2023-11-02,218.50999450683594,59.39679718017578
2023-11-03,219.9600067138672,61.3182258605957
2023-11-06,219.27000427246094,62.599178314208984
2023-11-07,222.17999267578125,62.451377868652344
2023-11-08,222.11000061035156,61.71236801147461
2023-11-09,209.97999572753906,61.06203842163086
2023-11-10,214.64999389648438,60.93394088745117
2023-11-13,223.7100067138672,61.66310119628906
2023-11-14,237.41000366210938,63.08199691772461
2023-11-15,242.83999633789062,63.68305969238281
2023-11-16,233.58999633789062,62.22475051879883
2023-11-17,234.3000030517578,62.21489334106445
2023-11-20,235.60000610351562,62.72727584838867
2023-11-21,241.1999969482422,61.032474517822266
2023-11-22,234.2100067138672,60.69745635986328
2023-11-24,235.4499969482422,58.529693603515625
2023-11-27,236.0800018310547,56.746212005615234
2023-11-28,246.72000122070312,55.68203353881836
2023-11-29,244.13999938964844,53.67192459106445
2023-11-30,240.0800018310547,52.923057556152344
2023-12-01,238.8300018310547,52.13478088378906
2023-12-04,235.5800018310547,52.68657684326172
2023-12-05,238.72000122070312,52.69643020629883
2023-12-06,239.3699951171875,53.82958221435547
2023-12-07,242.63999938964844,54.144893646240234
2023-12-08,243.83999633789062,53.011741638183594
2023-12-11,239.74000549316406,52.94276428222656
2023-12-12,237.00999450683594,52.105220794677734
2023-12-13,239.2899932861328,51.582984924316406
2023-12-14,251.0500030517578,52.93291473388672
2023-12-15,253.5,51.701229095458984
2023-12-18,252.0800018310547,50.89324188232422
2023-12-19,257.2200012207031,51.54357147216797
2023-12-20,247.13999938964844,49.72067642211914
2023-12-21,254.5,51.435184478759766
2023-12-22,252.5399932861328,51.93770980834961
2023-12-26,256.6099853515625,52.597896575927734
2023-12-27,261.44000244140625,52.519065856933594
2023-12-28,253.17999267578125,54.25328063964844
2023-12-29,248.47999572753906,54.460205078125
2024-01-02,248.4199981689453,52.9132080078125
2024-01-03,238.4499969482422,53.662071228027344
2024-01-04,237.92999267578125,52.82452392578125
2024-01-05,237.49000549316406,52.58803939819336
2024-01-08,240.4499969482422,52.4205322265625
2024-01-09,234.9600067138672,52.28258514404297
2024-01-10,233.94000244140625,51.75049591064453
2024-01-11,227.22000122070312,53.376319885253906
2024-01-12,218.88999938964844,53.09056854248047
2024-01-16,219.91000366210938,51.376060485839844
2024-01-17,215.5500030517578,49.35609817504883
2024-01-18,211.8800048828125,49.71082305908203
2024-01-19,212.19000244140625,49.809356689453125
2024-01-22,208.8000030517578,48.92254638671875
2024-01-23,209.13999938964844,50.87353515625
2024-01-24,207.8300018310547,50.48925018310547
2024-01-25,182.6300048828125,49.76994323730469
2024-01-26,183.25,48.55796432495117
2024-01-29,190.92999267578125,45.917232513427734
2024-01-30,191.58999633789062,44.81364059448242
2024-01-31,187.2899932861328,44.261844635009766
2024-02-01,188.86000061035156,44.63628005981445
2024-02-02,187.91000366210938,43.56224822998047
2024-02-05,181.05999755859375,43.040016174316406
2024-02-06,185.10000610351562,46.20298385620117
2024-02-07,187.5800018310547,46.30152130126953
2024-02-08,189.55999755859375,46.321224212646484
2024-02-09,193.57000732421875,46.3409309387207
2024-02-12,188.1300048828125,47.48393630981445
2024-02-13,184.02000427246094,46.27195739746094
2024-02-14,188.7100067138672,46.478878021240234
2024-02-15,200.4499969482422,46.390201568603516
2024-02-16,199.9499969482422,47.98646545410156
2024-02-20,193.75999450683594,45.907379150390625
2024-02-21,194.77000427246094,46.89272689819336
2024-02-22,197.41000366210938,46.961700439453125
2024-02-23,191.97000122070312,46.3409309387207
2024-02-26,199.39999389648438,48.488990783691406
2024-02-27,199.72999572753906,50.33159637451172
2024-02-28,202.0399932861328,48.341190338134766
2024-02-29,201.8800048828125,48.65650177001953
2024-03-01,202.63999938964844,49.139320373535156
2024-03-04,188.13999938964844,47.533206939697266
2024-03-05,180.74000549316406,48.01602554321289
2024-03-06,176.5399932861328,48.55796432495117
2024-03-07,178.64999389648438,47.62188720703125
2024-03-08,175.33999633789062,47.06023406982422
2024-03-11,177.77000427246094,49.87833023071289
2024-03-12,177.5399932861328,52.46979904174805
2024-03-13,169.47999572753906,52.15448760986328
2024-03-14,162.5,52.519065856933594
2024-03-15,163.57000732421875,52.637306213378906
2024-03-18,173.8000030517578,54.08576965332031
2024-03-19,171.32000732421875,54.066062927246094
2024-03-20,175.66000366210938,54.49961853027344
2024-03-21,172.82000732421875,53.91826248168945
2024-03-22,170.8300018310547,53.652217864990234
2024-03-25,172.6300048828125,53.09056854248047
2024-03-26,177.6699981689453,53.45514678955078
2024-03-27,179.8300018310547,50.85382843017578
2024-03-28,175.7899932861328,50.0261344909668
2024-04-01,175.22000122070312,51.031192779541016
2024-04-02,166.6300048828125,50.794708251953125
2024-04-03,168.3800048828125,50.43013000488281
2024-04-04,171.11000061035156,50.193641662597656
2024-04-05,164.89999389648438,50.193641662597656
2024-04-08,172.97999572753906,51.198699951171875
2024-04-09,176.8800048828125,52.6668701171875
2024-04-10,171.75999450683594,52.20375442504883
2024-04-11,174.60000610351562,52.676719665527344
2024-04-12,171.0500030517578,51.80961608886719
2024-04-15,161.47999572753906,51.208553314208984
2024-04-16,157.11000061035156,51.39577102661133
2024-04-17,155.4499969482422,50.784854888916016
2024-04-18,149.92999267578125,51.297237396240234
2024-04-19,147.0500030517578,50.548370361328125
2024-04-22,142.0500030517578,50.794708251953125
2024-04-23,144.67999267578125,49.4644889831543
2024-04-24,162.1300048828125,50.459686279296875
2024-04-25,170.17999267578125,51.42532730102539
2024-04-26,168.2899932861328,53.52412033081055
2024-04-29,194.0500030517578,54.53902816772461
2024-04-30,183.27999877929688,53.67192459106445
2024-05-01,179.99000549316406,54.292694091796875
2024-05-02,180.00999450683594,57.82024002075195
2024-05-03,181.19000244140625,57.29800796508789
2024-05-06,184.75999450683594,57.08123016357422
2024-05-07,177.80999755859375,57.1699104309082
2024-05-08,174.72000122070312,56.066322326660156
2024-05-09,171.97000122070312,57.11079025268555
2024-05-10,168.47000122070312,55.94807815551758
2024-05-13,171.88999938964844,56.39148712158203
2024-05-14,177.5500030517578,56.2141227722168
2024-05-15,173.99000549316406,55.64262390136719
2024-05-16,174.83999633789062,56.27324295043945
2024-05-17,177.4600067138672,56.480167388916016
2024-05-20,174.9499969482422,56.657527923583984
2024-05-21,186.60000610351562,55.169654846191406
2024-05-22,180.11000061035156,53.71133804321289
2024-05-23,173.74000549316406,52.29243469238281
2024-05-24,179.24000549316406,52.61760330200195
2024-05-28,176.75,51.97712326049805
2024-05-29,176.19000244140625,54.80507278442383
2024-05-30,178.7899932861328,56.066322326660156
2024-05-31,178.0800018310547,55.28789520263672
2024-06-03,176.2899932861328,57.52463912963867
2024-06-04,174.77000427246094,57.91877365112305
2024-06-05,175.0,59.071632385253906
2024-06-06,177.94000244140625,57.68229293823242
2024-06-07,177.47999572753906,56.78562545776367
2024-06-10,173.7899932861328,56.69694519042969
2024-06-11,170.66000366210938,57.70199966430664
2024-06-12,177.2899932861328,57.0099983215332
2024-06-13,182.47000122070312,58.65999984741211
2024-06-14,178.00999450683594,58.20000076293945
2024-06-17,187.44000244140625,59.380001068115234
2024-06-18,184.86000061035156,60.45000076293945
2024-06-20,181.57000732421875,60.47999954223633
2024-06-21,183.00999450683594,60.38999938964844
2024-06-24,182.5800018310547,61.380001068115234
2024-06-25,187.35000610351562,60.81999969482422
2024-06-26,196.3699951171875,60.439998626708984
2024-06-27,197.4199981689453,58.75
2024-06-28,197.8800048828125,59.08000183105469
